RelativePath,SourceBytes,Status,Method,OutputPath,Notes
"9A91_Jade.CFG",466,"binary-strip-preview","raw-rgb-strip","D:\project\cf_to_csgo\work\m4a1_s_bornbeast\materials\cfg_decode\strip_previews\9A91_Jade.CFG.png","raw RGB strip, pixels=156, variableChannel=B, uniqueBytes=6, FF=66.7 %"
"9A91_Scorpius.CFG",481,"binary-strip-preview","raw-rgb-strip","D:\project\cf_to_csgo\work\m4a1_s_bornbeast\materials\cfg_decode\strip_previews\9A91_Scorpius.CFG.png","raw RGB strip, pixels=161, variableChannel=G, uniqueBytes=8, FF=66.7 %"
"9A91_Xmas2015.CFG",478,"binary-strip-preview","raw-rgb-strip","D:\project\cf_to_csgo\work\m4a1_s_bornbeast\materials\cfg_decode\strip_previews\9A91_Xmas2015.CFG.png","raw RGB strip, pixels=160, variableChannel=R, uniqueBytes=7, FF=66.5 %"
"AA12_Buster.CFG",620,"binary-strip-preview","raw-rgb-strip","D:\project\cf_to_csgo\work\m4a1_s_bornbeast\materials\cfg_decode\strip_previews\AA12_Buster.CFG.png","raw RGB strip, pixels=207, variableChannel=B, uniqueBytes=12, FF=66.8 %"
"AA12_Buster_Changemode.CFG",624,"binary-strip-preview","raw-rgb-strip","D:\project\cf_to_csgo\work\m4a1_s_bornbeast\materials\cfg_decode\strip_previews\AA12_Buster_Changemode.CFG.png","raw RGB strip, pixels=208, variableChannel=R, uniqueBytes=22, FF=66.7 %"
"AA12_Buster_PVP.CFG",636,"binary-strip-preview","raw-rgb-strip","D:\project\cf_to_csgo\work\m4a1_s_bornbeast\materials\cfg_decode\strip_previews\AA12_Buster_PVP.CFG.png","raw RGB strip, pixels=212, variableChannel=R, uniqueBytes=15, FF=66.7 %"
"AA12_Xmas2015.CFG",478,"binary-strip-preview","raw-rgb-strip","D:\project\cf_to_csgo\work\m4a1_s_bornbeast\materials\cfg_decode\strip_previews\AA12_Xmas2015.CFG.png","raw RGB strip, pixels=160, variableChannel=R, uniqueBytes=4, FF=66.5 %"
"AI_Grenade_gold.CFG",517,"binary-strip-preview","raw-rgb-strip","D:\project\cf_to_csgo\work\m4a1_s_bornbeast\materials\cfg_decode\strip_previews\AI_Grenade_gold.CFG.png","raw RGB strip, pixels=173, variableChannel=B, uniqueBytes=9, FF=66.7 %"
"AI_WAVE-Gold-Blaster.CFG",500,"binary-strip-preview","raw-rgb-strip","D:\project\cf_to_csgo\work\m4a1_s_bornbeast\materials\cfg_decode\strip_previews\AI_WAVE-Gold-Blaster.CFG.png","raw RGB strip, pixels=167, variableChannel=G, uniqueBytes=13, FF=66.6 %"
"AI_WAVE-Shield.CFG",606,"binary-strip-preview","raw-rgb-strip","D:\project\cf_to_csgo\work\m4a1_s_bornbeast\materials\cfg_decode\strip_previews\AI_WAVE-Shield.CFG.png","raw RGB strip, pixels=202, variableChannel=B, uniqueBytes=19, FF=66.7 %"
"AI_WAVE-SHOCK_GOLD.CFG",483,"binary-strip-preview","raw-rgb-strip","D:\project\cf_to_csgo\work\m4a1_s_bornbeast\materials\cfg_decode\strip_previews\AI_WAVE-SHOCK_GOLD.CFG.png","raw RGB strip, pixels=161, variableChannel=B, uniqueBytes=22, FF=66.7 %"
"AK12_DualMag_Ghetto.CFG",501,"binary-strip-preview","raw-rgb-strip","D:\project\cf_to_csgo\work\m4a1_s_bornbeast\materials\cfg_decode\strip_previews\AK12_DualMag_Ghetto.CFG.png","raw RGB strip, pixels=167, variableChannel=B, uniqueBytes=14, FF=66.7 %"
"AK47-Beast.CFG",474,"binary-strip-preview","raw-rgb-strip","D:\project\cf_to_csgo\work\m4a1_s_bornbeast\materials\cfg_decode\strip_previews\AK47-Beast.CFG.png","raw RGB strip, pixels=158, variableChannel=B, uniqueBytes=4, FF=66.7 %"
"AK47-Blue Crystal.CFG",431,"binary-strip-preview","raw-rgb-strip","D:\project\cf_to_csgo\work\m4a1_s_bornbeast\materials\cfg_decode\strip_previews\AK47-Blue Crystal.CFG.png","raw RGB strip, pixels=144, variableChannel=B, uniqueBytes=9, FF=66.8 %"
"AK47-Knife Ultimate Silver.CFG",626,"binary-strip-preview","raw-rgb-strip","D:\project\cf_to_csgo\work\m4a1_s_bornbeast\materials\cfg_decode\strip_previews\AK47-Knife Ultimate Silver.CFG.png","raw RGB strip, pixels=209, variableChannel=R, uniqueBytes=14, FF=66.6 %"
"AK47_A_SonWukong.CFG",489,"binary-strip-preview","raw-rgb-strip","D:\project\cf_to_csgo\work\m4a1_s_bornbeast\materials\cfg_decode\strip_previews\AK47_A_SonWukong.CFG.png","raw RGB strip, pixels=163, variableChannel=G, uniqueBytes=11, FF=66.7 %"
"AK47_Beast_NobleGold.CFG",492,"binary-strip-preview","raw-rgb-strip","D:\project\cf_to_csgo\work\m4a1_s_bornbeast\materials\cfg_decode\strip_previews\AK47_Beast_NobleGold.CFG.png","raw RGB strip, pixels=164, variableChannel=G, uniqueBytes=20, FF=66.7 %"
"AK47_Knife_BornBeast.CFG",681,"binary-strip-preview","raw-rgb-strip","D:\project\cf_to_csgo\work\m4a1_s_bornbeast\materials\cfg_decode\strip_previews\AK47_Knife_BornBeast.CFG.png","raw RGB strip, pixels=227, variableChannel=G, uniqueBytes=13, FF=66.7 %"
"AK47_Knife_BornBeast_DrumMag.CFG",681,"binary-strip-preview","raw-rgb-strip","D:\project\cf_to_csgo\work\m4a1_s_bornbeast\materials\cfg_decode\strip_previews\AK47_Knife_BornBeast_DrumMag.CFG.png","raw RGB strip, pixels=227, variableChannel=G, uniqueBytes=10, FF=66.7 %"
"AK47_knife_DMZ.CFG",485,"binary-strip-preview","raw-rgb-strip","D:\project\cf_to_csgo\work\m4a1_s_bornbeast\materials\cfg_decode\strip_previews\AK47_knife_DMZ.CFG.png","raw RGB strip, pixels=162, variableChannel=G, uniqueBytes=7, FF=66.6 %"
"AK47_Knife_Peony.CFG",485,"binary-strip-preview","raw-rgb-strip","D:\project\cf_to_csgo\work\m4a1_s_bornbeast\materials\cfg_decode\strip_previews\AK47_Knife_Peony.CFG.png","raw RGB strip, pixels=162, variableChannel=B, uniqueBytes=11, FF=66.8 %"
"AK47_Knife_PlatinumBlue.CFG",513,"binary-strip-preview","raw-rgb-strip","D:\project\cf_to_csgo\work\m4a1_s_bornbeast\materials\cfg_decode\strip_previews\AK47_Knife_PlatinumBlue.CFG.png","raw RGB strip, pixels=171, variableChannel=R, uniqueBytes=21, FF=66.7 %"
"AK47_Knife_RoyalDragon3.CFG",509,"binary-strip-preview","raw-rgb-strip","D:\project\cf_to_csgo\work\m4a1_s_bornbeast\materials\cfg_decode\strip_previews\AK47_Knife_RoyalDragon3.CFG.png","raw RGB strip, pixels=170, variableChannel=R, uniqueBytes=12, FF=66.6 %"
"AK47_Knife_TurtleShell.CFG",504,"binary-strip-preview","raw-rgb-strip","D:\project\cf_to_csgo\work\m4a1_s_bornbeast\materials\cfg_decode\strip_previews\AK47_Knife_TurtleShell.CFG.png","raw RGB strip, pixels=168, variableChannel=G, uniqueBytes=10, FF=66.7 %"
"AK47_Knife_UltimateGold.CFG",520,"binary-strip-preview","raw-rgb-strip","D:\project\cf_to_csgo\work\m4a1_s_bornbeast\materials\cfg_decode\strip_previews\AK47_Knife_UltimateGold.CFG.png","raw RGB strip, pixels=174, variableChannel=G, uniqueBytes=8, FF=66.7 %"
"AK47_Knife_YellowCrystal.CFG",475,"binary-strip-preview","raw-rgb-strip","D:\project\cf_to_csgo\work\m4a1_s_bornbeast\materials\cfg_decode\strip_previews\AK47_Knife_YellowCrystal.CFG.png","raw RGB strip, pixels=159, variableChannel=R, uniqueBytes=9, FF=66.5 %"
"AK47_K_IronBeast.CFG",493,"binary-strip-preview","raw-rgb-strip","D:\project\cf_to_csgo\work\m4a1_s_bornbeast\materials\cfg_decode\strip_previews\AK47_K_IronBeast.CFG.png","raw RGB strip, pixels=165, variableChannel=B, uniqueBytes=9, FF=66.7 %"
"AK47_Phoenix.CFG",473,"binary-strip-preview","raw-rgb-strip","D:\project\cf_to_csgo\work\m4a1_s_bornbeast\materials\cfg_decode\strip_previews\AK47_Phoenix.CFG.png","raw RGB strip, pixels=158, variableChannel=G, uniqueBytes=18, FF=66.6 %"
"AK47_Silencer_PerfectSilver.CFG",522,"binary-strip-preview","raw-rgb-strip","D:\project\cf_to_csgo\work\m4a1_s_bornbeast\materials\cfg_decode\strip_previews\AK47_Silencer_PerfectSilver.CFG.png","raw RGB strip, pixels=174, variableChannel=B, uniqueBytes=23, FF=66.7 %"
"AK47_Silencer_RustyGoldSkull.CFG",519,"binary-strip-preview","raw-rgb-strip","D:\project\cf_to_csgo\work\m4a1_s_bornbeast\materials\cfg_decode\strip_previews\AK47_Silencer_RustyGoldSkull.CFG.png","raw RGB strip, pixels=173, variableChannel=B, uniqueBytes=11, FF=66.7 %"
"AK47_S_RedLacquerware.CFG",501,"binary-strip-preview","raw-rgb-strip","D:\project\cf_to_csgo\work\m4a1_s_bornbeast\materials\cfg_decode\strip_previews\AK47_S_RedLacquerware.CFG.png","raw RGB strip, pixels=167, variableChannel=B, uniqueBytes=10, FF=66.7 %"
"AN94_UltimateGold.CFG",489,"binary-strip-preview","raw-rgb-strip","D:\project\cf_to_csgo\work\m4a1_s_bornbeast\materials\cfg_decode\strip_previews\AN94_UltimateGold.CFG.png","raw RGB strip, pixels=163, variableChannel=B, uniqueBytes=9, FF=66.7 %"
"Anaconda_FastDraw_Ghetto.CFG",511,"binary-strip-preview","raw-rgb-strip","D:\project\cf_to_csgo\work\m4a1_s_bornbeast\materials\cfg_decode\strip_previews\Anaconda_FastDraw_Ghetto.CFG.png","raw RGB strip, pixels=171, variableChannel=B, uniqueBytes=7, FF=66.7 %"
"ARX-160.CFG",458,"binary-strip-preview","raw-rgb-strip","D:\project\cf_to_csgo\work\m4a1_s_bornbeast\materials\cfg_decode\strip_previews\ARX-160.CFG.png","raw RGB strip, pixels=153, variableChannel=G, uniqueBytes=18, FF=66.6 %"
"AT15_Halloween.CFG",477,"binary-strip-preview","raw-rgb-strip","D:\project\cf_to_csgo\work\m4a1_s_bornbeast\materials\cfg_decode\strip_previews\AT15_Halloween.CFG.png","raw RGB strip, pixels=159, variableChannel=B, uniqueBytes=22, FF=66.7 %"
"AUGA1_A_UltimateGold.CFG",503,"binary-strip-preview","raw-rgb-strip","D:\project\cf_to_csgo\work\m4a1_s_bornbeast\materials\cfg_decode\strip_previews\AUGA1_A_UltimateGold.CFG.png","raw RGB strip, pixels=168, variableChannel=B, uniqueBytes=16, FF=66.8 %"
"AWM-Blue Crystal.CFG",428,"binary-strip-preview","raw-rgb-strip","D:\project\cf_to_csgo\work\m4a1_s_bornbeast\materials\cfg_decode\strip_previews\AWM-Blue Crystal.CFG.png","raw RGB strip, pixels=143, variableChannel=R, uniqueBytes=4, FF=66.6 %"
"AWM_A_InfernalDragon.CFG",673,"binary-strip-preview","raw-rgb-strip","D:\project\cf_to_csgo\work\m4a1_s_bornbeast\materials\cfg_decode\strip_previews\AWM_A_InfernalDragon.CFG.png","raw RGB strip, pixels=225, variableChannel=G, uniqueBytes=14, FF=66.7 %"
"AWM_A_Jade.CFG",469,"binary-strip-preview","raw-rgb-strip","D:\project\cf_to_csgo\work\m4a1_s_bornbeast\materials\cfg_decode\strip_previews\AWM_A_Jade.CFG.png","raw RGB strip, pixels=157, variableChannel=R, uniqueBytes=6, FF=66.5 %"
"AWM_A_PlatinumBlue.CFG",500,"binary-strip-preview","raw-rgb-strip","D:\project\cf_to_csgo\work\m4a1_s_bornbeast\materials\cfg_decode\strip_previews\AWM_A_PlatinumBlue.CFG.png","raw RGB strip, pixels=167, variableChannel=B, uniqueBytes=16, FF=66.8 %"
"AWM_A_TurtleShell.CFG",494,"binary-strip-preview","raw-rgb-strip","D:\project\cf_to_csgo\work\m4a1_s_bornbeast\materials\cfg_decode\strip_previews\AWM_A_TurtleShell.CFG.png","raw RGB strip, pixels=165, variableChannel=R, uniqueBytes=20, FF=66.6 %"
"AWM_InfernalDragon_NobleGold.CFG",723,"binary-strip-preview","raw-rgb-strip","D:\project\cf_to_csgo\work\m4a1_s_bornbeast\materials\cfg_decode\strip_previews\AWM_InfernalDragon_NobleGold.CFG.png","raw RGB strip, pixels=241, variableChannel=G, uniqueBytes=18, FF=66.7 %"
"AWM_MAGMA.CFG",462,"binary-strip-preview","raw-rgb-strip","D:\project\cf_to_csgo\work\m4a1_s_bornbeast\materials\cfg_decode\strip_previews\AWM_MAGMA.CFG.png","raw RGB strip, pixels=154, variableChannel=G, uniqueBytes=9, FF=66.7 %"
"AWM_UltimateGold.CFG",646,"binary-strip-preview","raw-rgb-strip","D:\project\cf_to_csgo\work\m4a1_s_bornbeast\materials\cfg_decode\strip_previews\AWM_UltimateGold.CFG.png","raw RGB strip, pixels=216, variableChannel=G, uniqueBytes=11, FF=66.7 %"
"AWM_UltimateSiversmith.CFG",684,"binary-strip-preview","raw-rgb-strip","D:\project\cf_to_csgo\work\m4a1_s_bornbeast\materials\cfg_decode\strip_previews\AWM_UltimateSiversmith.CFG.png","raw RGB strip, pixels=228, variableChannel=R, uniqueBytes=14, FF=66.7 %"
"AWM_VariableScope_Ghetto.CFG",512,"binary-strip-preview","raw-rgb-strip","D:\project\cf_to_csgo\work\m4a1_s_bornbeast\materials\cfg_decode\strip_previews\AWM_VariableScope_Ghetto.CFG.png","raw RGB strip, pixels=171, variableChannel=R, uniqueBytes=21, FF=66.6 %"
"Barret_m99_RoyalDragon2.CFG",506,"binary-strip-preview","raw-rgb-strip","D:\project\cf_to_csgo\work\m4a1_s_bornbeast\materials\cfg_decode\strip_previews\Barret_m99_RoyalDragon2.CFG.png","raw RGB strip, pixels=169, variableChannel=G, uniqueBytes=15, FF=66.6 %"
"BCAxe_Ares.CFG",471,"binary-strip-preview","raw-rgb-strip","D:\project\cf_to_csgo\work\m4a1_s_bornbeast\materials\cfg_decode\strip_previews\BCAxe_Ares.CFG.png","raw RGB strip, pixels=157, variableChannel=B, uniqueBytes=4, FF=66.7 %"
"BCAxe_Beast.CFG",476,"binary-strip-preview","raw-rgb-strip","D:\project\cf_to_csgo\work\m4a1_s_bornbeast\materials\cfg_decode\strip_previews\BCAxe_Beast.CFG.png","raw RGB strip, pixels=159, variableChannel=B, uniqueBytes=12, FF=66.8 %"
"BCAxe_phoenix.CFG",473,"binary-strip-preview","raw-rgb-strip","D:\project\cf_to_csgo\work\m4a1_s_bornbeast\materials\cfg_decode\strip_previews\BCAxe_phoenix.CFG.png","raw RGB strip, pixels=158, variableChannel=R, uniqueBytes=10, FF=66.6 %"
"BCAxe_RoyalDragon4.CFG",490,"binary-strip-preview","raw-rgb-strip","D:\project\cf_to_csgo\work\m4a1_s_bornbeast\materials\cfg_decode\strip_previews\BCAxe_RoyalDragon4.CFG.png","raw RGB strip, pixels=164, variableChannel=G, uniqueBytes=11, FF=66.7 %"
"BC_Axe_RoyalDragon2.CFG",499,"binary-strip-preview","raw-rgb-strip","D:\project\cf_to_csgo\work\m4a1_s_bornbeast\materials\cfg_decode\strip_previews\BC_Axe_RoyalDragon2.CFG.png","raw RGB strip, pixels=167, variableChannel=R, uniqueBytes=22, FF=66.5 %"
"Bisley_USS.CFG",466,"binary-strip-preview","raw-rgb-strip","D:\project\cf_to_csgo\work\m4a1_s_bornbeast\materials\cfg_decode\strip_previews\Bisley_USS.CFG.png","raw RGB strip, pixels=156, variableChannel=B, uniqueBytes=15, FF=66.7 %"
"BIZONPP19-Gold.CFG",549,"binary-strip-preview","raw-rgb-strip","D:\project\cf_to_csgo\work\m4a1_s_bornbeast\materials\cfg_decode\strip_previews\BIZONPP19-Gold.CFG.png","raw RGB strip, pixels=183, variableChannel=G, uniqueBytes=4, FF=66.7 %"
"Blaze_CR-21_FuryGhostWepon.CFG",605,"binary-strip-preview","raw-rgb-strip","D:\project\cf_to_csgo\work\m4a1_s_bornbeast\materials\cfg_decode\strip_previews\Blaze_CR-21_FuryGhostWepon.CFG.png","raw RGB strip, pixels=202, variableChannel=G, uniqueBytes=12, FF=66.6 %"
"Blaze_DualDE_FuryGhostWepon.CFG",545,"binary-strip-preview","raw-rgb-strip","D:\project\cf_to_csgo\work\m4a1_s_bornbeast\materials\cfg_decode\strip_previews\Blaze_DualDE_FuryGhostWepon.CFG.png","raw RGB strip, pixels=182, variableChannel=B, uniqueBytes=9, FF=66.8 %"
"Blaze_Gloves_FuryGhostWepon.CFG",286,"binary-strip-preview","raw-rgb-strip","D:\project\cf_to_csgo\work\m4a1_s_bornbeast\materials\cfg_decode\strip_previews\Blaze_Gloves_FuryGhostWepon.CFG.png","raw RGB strip, pixels=96, variableChannel=R, uniqueBytes=9, FF=66.4 %"
"Blaze_IronMaceG_FuryGhostWepon.CFG",186,"binary-strip-preview","raw-rgb-strip","D:\project\cf_to_csgo\work\m4a1_s_bornbeast\materials\cfg_decode\strip_previews\Blaze_IronMaceG_FuryGhostWepon.CFG.png","raw RGB strip, pixels=62, variableChannel=B, uniqueBytes=10, FF=66.7 %"
"Board_UltimateGold.CFG",494,"binary-strip-preview","raw-rgb-strip","D:\project\cf_to_csgo\work\m4a1_s_bornbeast\materials\cfg_decode\strip_previews\Board_UltimateGold.CFG.png","raw RGB strip, pixels=165, variableChannel=B, uniqueBytes=18, FF=66.8 %"
"Brick_UltimateGold.CFG",495,"binary-strip-preview","raw-rgb-strip","D:\project\cf_to_csgo\work\m4a1_s_bornbeast\materials\cfg_decode\strip_previews\Brick_UltimateGold.CFG.png","raw RGB strip, pixels=165, variableChannel=R, uniqueBytes=12, FF=66.7 %"
"BrokenKukri-RedCrystal.CFG",528,"binary-strip-preview","raw-rgb-strip","D:\project\cf_to_csgo\work\m4a1_s_bornbeast\materials\cfg_decode\strip_previews\BrokenKukri-RedCrystal.CFG.png","raw RGB strip, pixels=176, variableChannel=R, uniqueBytes=4, FF=66.7 %"
"CR-21.CFG",452,"binary-strip-preview","raw-rgb-strip","D:\project\cf_to_csgo\work\m4a1_s_bornbeast\materials\cfg_decode\strip_previews\CR-21.CFG.png","raw RGB strip, pixels=151, variableChannel=R, uniqueBytes=13, FF=66.6 %"
"CR21_Storm.CFG",474,"binary-strip-preview","raw-rgb-strip","D:\project\cf_to_csgo\work\m4a1_s_bornbeast\materials\cfg_decode\strip_previews\CR21_Storm.CFG.png","raw RGB strip, pixels=158, variableChannel=G, uniqueBytes=8, FF=66.7 %"
"D.E-Blue Crystal.CFG",428,"binary-strip-preview","raw-rgb-strip","D:\project\cf_to_csgo\work\m4a1_s_bornbeast\materials\cfg_decode\strip_previews\D.E-Blue Crystal.CFG.png","raw RGB strip, pixels=143, variableChannel=G, uniqueBytes=7, FF=66.6 %"
"D.E-Royal Dragon.CFG",401,"binary-strip-preview","raw-rgb-strip","D:\project\cf_to_csgo\work\m4a1_s_bornbeast\materials\cfg_decode\strip_previews\D.E-Royal Dragon.CFG.png","raw RGB strip, pixels=134, variableChannel=B, uniqueBytes=16, FF=66.8 %"
"DesertEagle_BornBeast.CFG",659,"binary-strip-preview","raw-rgb-strip","D:\project\cf_to_csgo\work\m4a1_s_bornbeast\materials\cfg_decode\strip_previews\DesertEagle_BornBeast.CFG.png","raw RGB strip, pixels=220, variableChannel=R, uniqueBytes=15, FF=66.6 %"
"DesertEagle_B_NobleGold.CFG",714,"binary-strip-preview","raw-rgb-strip","D:\project\cf_to_csgo\work\m4a1_s_bornbeast\materials\cfg_decode\strip_previews\DesertEagle_B_NobleGold.CFG.png","raw RGB strip, pixels=238, variableChannel=G, uniqueBytes=7, FF=66.7 %"
"DesertEagle_Gradation.CFG",511,"binary-strip-preview","raw-rgb-strip","D:\project\cf_to_csgo\work\m4a1_s_bornbeast\materials\cfg_decode\strip_previews\DesertEagle_Gradation.CFG.png","raw RGB strip, pixels=171, variableChannel=G, uniqueBytes=12, FF=66.7 %"
"DesertEagle_Peony.CFG",490,"binary-strip-preview","raw-rgb-strip","D:\project\cf_to_csgo\work\m4a1_s_bornbeast\materials\cfg_decode\strip_previews\DesertEagle_Peony.CFG.png","raw RGB strip, pixels=164, variableChannel=R, uniqueBytes=6, FF=66.5 %"
"DesertEagle_PinkCrystal.CFG",435,"binary-strip-preview","raw-rgb-strip","D:\project\cf_to_csgo\work\m4a1_s_bornbeast\materials\cfg_decode\strip_previews\DesertEagle_PinkCrystal.CFG.png","raw RGB strip, pixels=145, variableChannel=B, uniqueBytes=13, FF=66.7 %"
"DesertEagle_RoyalDragon5.CFG",512,"binary-strip-preview","raw-rgb-strip","D:\project\cf_to_csgo\work\m4a1_s_bornbeast\materials\cfg_decode\strip_previews\DesertEagle_RoyalDragon5.CFG.png","raw RGB strip, pixels=171, variableChannel=B, uniqueBytes=15, FF=66.8 %"
"DesertEagle_S_RoyalDragon3.CFG",710,"binary-strip-preview","raw-rgb-strip","D:\project\cf_to_csgo\work\m4a1_s_bornbeast\materials\cfg_decode\strip_previews\DesertEagle_S_RoyalDragon3.CFG.png","raw RGB strip, pixels=237, variableChannel=R, uniqueBytes=8, FF=66.6 %"
"DesertEagle_UltimateGold.CFG",515,"binary-strip-preview","raw-rgb-strip","D:\project\cf_to_csgo\work\m4a1_s_bornbeast\materials\cfg_decode\strip_previews\DesertEagle_UltimateGold.CFG.png","raw RGB strip, pixels=172, variableChannel=G, uniqueBytes=4, FF=66.6 %"
"DSR-1 Rusty.CFG",510,"binary-strip-preview","raw-rgb-strip","D:\project\cf_to_csgo\work\m4a1_s_bornbeast\materials\cfg_decode\strip_previews\DSR-1 Rusty.CFG.png","raw RGB strip, pixels=170, variableChannel=B, uniqueBytes=10, FF=66.7 %"
"DSR-1_RTS.CFG",615,"binary-strip-preview","raw-rgb-strip","D:\project\cf_to_csgo\work\m4a1_s_bornbeast\materials\cfg_decode\strip_previews\DSR-1_RTS.CFG.png","raw RGB strip, pixels=205, variableChannel=B, uniqueBytes=7, FF=66.7 %"
"Dual D.E-Red Vein.CFG",487,"binary-strip-preview","raw-rgb-strip","D:\project\cf_to_csgo\work\m4a1_s_bornbeast\materials\cfg_decode\strip_previews\Dual D.E-Red Vein.CFG.png","raw RGB strip, pixels=163, variableChannel=B, uniqueBytes=14, FF=66.7 %"
"Dual D.E_GoldDesertSkull.CFG",505,"binary-strip-preview","raw-rgb-strip","D:\project\cf_to_csgo\work\m4a1_s_bornbeast\materials\cfg_decode\strip_previews\Dual D.E_GoldDesertSkull.CFG.png","raw RGB strip, pixels=169, variableChannel=G, uniqueBytes=8, FF=66.7 %"
"DualColt-Volcano.CFG",639,"binary-strip-preview","raw-rgb-strip","D:\project\cf_to_csgo\work\m4a1_s_bornbeast\materials\cfg_decode\strip_previews\DualColt-Volcano.CFG.png","raw RGB strip, pixels=213, variableChannel=R, uniqueBytes=6, FF=66.7 %"
"DualColt_Hellfire.CFG",646,"binary-strip-preview","raw-rgb-strip","D:\project\cf_to_csgo\work\m4a1_s_bornbeast\materials\cfg_decode\strip_previews\DualColt_Hellfire.CFG.png","raw RGB strip, pixels=216, variableChannel=R, uniqueBytes=10, FF=66.6 %"
"DualColt_UltimateGold.CFG",678,"binary-strip-preview","raw-rgb-strip","D:\project\cf_to_csgo\work\m4a1_s_bornbeast\materials\cfg_decode\strip_previews\DualColt_UltimateGold.CFG.png","raw RGB strip, pixels=226, variableChannel=B, uniqueBytes=6, FF=66.7 %"
"DualColt_UltimateGoldsmith.CFG",708,"binary-strip-preview","raw-rgb-strip","D:\project\cf_to_csgo\work\m4a1_s_bornbeast\materials\cfg_decode\strip_previews\DualColt_UltimateGoldsmith.CFG.png","raw RGB strip, pixels=236, variableChannel=B, uniqueBytes=12, FF=66.7 %"
"DualDE_Storm.CFG",482,"binary-strip-preview","raw-rgb-strip","D:\project\cf_to_csgo\work\m4a1_s_bornbeast\materials\cfg_decode\strip_previews\DualDE_Storm.CFG.png","raw RGB strip, pixels=161, variableChannel=B, uniqueBytes=4, FF=66.8 %"
"DualKarambit_UltimateGold.CFG",517,"binary-strip-preview","raw-rgb-strip","D:\project\cf_to_csgo\work\m4a1_s_bornbeast\materials\cfg_decode\strip_previews\DualKarambit_UltimateGold.CFG.png","raw RGB strip, pixels=173, variableChannel=R, uniqueBytes=4, FF=66.5 %"
"DualKarambit_Xmas2015.CFG",502,"binary-strip-preview","raw-rgb-strip","D:\project\cf_to_csgo\work\m4a1_s_bornbeast\materials\cfg_decode\strip_previews\DualKarambit_Xmas2015.CFG.png","raw RGB strip, pixels=168, variableChannel=B, uniqueBytes=9, FF=66.7 %"
"DualKrissSuperV_RustyGoldSkull.CFG",527,"binary-strip-preview","raw-rgb-strip","D:\project\cf_to_csgo\work\m4a1_s_bornbeast\materials\cfg_decode\strip_previews\DualKrissSuperV_RustyGoldSkull.CFG.png","raw RGB strip, pixels=176, variableChannel=G, uniqueBytes=7, FF=66.6 %"
"DualUzi_Gradation.CFG",495,"binary-strip-preview","raw-rgb-strip","D:\project\cf_to_csgo\work\m4a1_s_bornbeast\materials\cfg_decode\strip_previews\DualUzi_Gradation.CFG.png","raw RGB strip, pixels=165, variableChannel=B, uniqueBytes=6, FF=66.7 %"
"Dual_DesertEagle_RustyGoldSkull.CFG",526,"binary-strip-preview","raw-rgb-strip","D:\project\cf_to_csgo\work\m4a1_s_bornbeast\materials\cfg_decode\strip_previews\Dual_DesertEagle_RustyGoldSkull.CFG.png","raw RGB strip, pixels=176, variableChannel=B, uniqueBytes=11, FF=66.7 %"
"ElectricClaws.CFG",483,"binary-strip-preview","raw-rgb-strip","D:\project\cf_to_csgo\work\m4a1_s_bornbeast\materials\cfg_decode\strip_previews\ElectricClaws.CFG.png","raw RGB strip, pixels=161, variableChannel=G, uniqueBytes=3, FF=66.7 %"
"Flashbang_UltimateGoldsmith.CFG",522,"binary-strip-preview","raw-rgb-strip","D:\project\cf_to_csgo\work\m4a1_s_bornbeast\materials\cfg_decode\strip_previews\Flashbang_UltimateGoldsmith.CFG.png","raw RGB strip, pixels=174, variableChannel=G, uniqueBytes=5, FF=66.7 %"
"FN-F2000-RS.CFG",473,"binary-strip-preview","raw-rgb-strip","D:\project\cf_to_csgo\work\m4a1_s_bornbeast\materials\cfg_decode\strip_previews\FN-F2000-RS.CFG.png","raw RGB strip, pixels=158, variableChannel=G, uniqueBytes=7, FF=66.6 %"
"FRF2-Rusty.CFG",465,"binary-strip-preview","raw-rgb-strip","D:\project\cf_to_csgo\work\m4a1_s_bornbeast\materials\cfg_decode\strip_previews\FRF2-Rusty.CFG.png","raw RGB strip, pixels=155, variableChannel=B, uniqueBytes=7, FF=66.7 %"
"FRF2_Freezing.CFG",643,"binary-strip-preview","raw-rgb-strip","D:\project\cf_to_csgo\work\m4a1_s_bornbeast\materials\cfg_decode\strip_previews\FRF2_Freezing.CFG.png","raw RGB strip, pixels=215, variableChannel=B, uniqueBytes=10, FF=66.7 %"
"G11.CFG",435,"binary-strip-preview","raw-rgb-strip","D:\project\cf_to_csgo\work\m4a1_s_bornbeast\materials\cfg_decode\strip_previews\G11.CFG.png","raw RGB strip, pixels=145, variableChannel=G, uniqueBytes=12, FF=66.7 %"
"G11_BlueSkull.CFG",479,"binary-strip-preview","raw-rgb-strip","D:\project\cf_to_csgo\work\m4a1_s_bornbeast\materials\cfg_decode\strip_previews\G11_BlueSkull.CFG.png","raw RGB strip, pixels=160, variableChannel=G, uniqueBytes=3, FF=66.6 %"
"G11_GoldSkull.CFG",484,"binary-strip-preview","raw-rgb-strip","D:\project\cf_to_csgo\work\m4a1_s_bornbeast\materials\cfg_decode\strip_previews\G11_GoldSkull.CFG.png","raw RGB strip, pixels=162, variableChannel=B, uniqueBytes=4, FF=66.7 %"
"G11_OrangeSkull.CFG",480,"binary-strip-preview","raw-rgb-strip","D:\project\cf_to_csgo\work\m4a1_s_bornbeast\materials\cfg_decode\strip_previews\G11_OrangeSkull.CFG.png","raw RGB strip, pixels=160, variableChannel=G, uniqueBytes=9, FF=66.7 %"
"G3A3_Silencer_DMZ.CFG",496,"binary-strip-preview","raw-rgb-strip","D:\project\cf_to_csgo\work\m4a1_s_bornbeast\materials\cfg_decode\strip_previews\G3A3_Silencer_DMZ.CFG.png","raw RGB strip, pixels=166, variableChannel=G, uniqueBytes=11, FF=66.7 %"
"Gatling Gun-Blue Crystal.CFG",452,"binary-strip-preview","raw-rgb-strip","D:\project\cf_to_csgo\work\m4a1_s_bornbeast\materials\cfg_decode\strip_previews\Gatling Gun-Blue Crystal.CFG.png","raw RGB strip, pixels=151, variableChannel=R, uniqueBytes=7, FF=66.6 %"
"Gatling Gun-UltimateSilver.CFG",502,"binary-strip-preview","raw-rgb-strip","D:\project\cf_to_csgo\work\m4a1_s_bornbeast\materials\cfg_decode\strip_previews\Gatling Gun-UltimateSilver.CFG.png","raw RGB strip, pixels=168, variableChannel=G, uniqueBytes=16, FF=66.7 %"
"GatlingGun_Magma.CFG",481,"binary-strip-preview","raw-rgb-strip","D:\project\cf_to_csgo\work\m4a1_s_bornbeast\materials\cfg_decode\strip_previews\GatlingGun_Magma.CFG.png","raw RGB strip, pixels=161, variableChannel=R, uniqueBytes=3, FF=66.5 %"
"GHOST2_Wepon.CFG",129,"binary-strip-preview","raw-rgb-strip","D:\project\cf_to_csgo\work\m4a1_s_bornbeast\materials\cfg_decode\strip_previews\GHOST2_Wepon.CFG.png","raw RGB strip, pixels=43, variableChannel=B, uniqueBytes=3, FF=66.7 %"
"Gloves_GoldDesertSkull.CFG",497,"binary-strip-preview","raw-rgb-strip","D:\project\cf_to_csgo\work\m4a1_s_bornbeast\materials\cfg_decode\strip_previews\Gloves_GoldDesertSkull.CFG.png","raw RGB strip, pixels=166, variableChannel=B, uniqueBytes=4, FF=66.8 %"
"Gloves_RustyGoldSkull.CFG",508,"binary-strip-preview","raw-rgb-strip","D:\project\cf_to_csgo\work\m4a1_s_bornbeast\materials\cfg_decode\strip_previews\Gloves_RustyGoldSkull.CFG.png","raw RGB strip, pixels=170, variableChannel=R, uniqueBytes=11, FF=66.5 %"
"Gloves_Storm.CFG",476,"binary-strip-preview","raw-rgb-strip","D:\project\cf_to_csgo\work\m4a1_s_bornbeast\materials\cfg_decode\strip_previews\Gloves_Storm.CFG.png","raw RGB strip, pixels=159, variableChannel=B, uniqueBytes=13, FF=66.8 %"
"Glove_RoyalDragon3.CFG",495,"binary-strip-preview","raw-rgb-strip","D:\project\cf_to_csgo\work\m4a1_s_bornbeast\materials\cfg_decode\strip_previews\Glove_RoyalDragon3.CFG.png","raw RGB strip, pixels=165, variableChannel=R, uniqueBytes=7, FF=66.7 %"
"Goldfuzzy.CFG",469,"binary-strip-preview","raw-rgb-strip","D:\project\cf_to_csgo\work\m4a1_s_bornbeast\materials\cfg_decode\strip_previews\Goldfuzzy.CFG.png","raw RGB strip, pixels=157, variableChannel=R, uniqueBytes=17, FF=66.5 %"
"Grenade_GoldDragon.CFG",494,"binary-strip-preview","raw-rgb-strip","D:\project\cf_to_csgo\work\m4a1_s_bornbeast\materials\cfg_decode\strip_previews\Grenade_GoldDragon.CFG.png","raw RGB strip, pixels=165, variableChannel=B, uniqueBytes=4, FF=66.8 %"
"Grenade_Halloween.CFG",487,"binary-strip-preview","raw-rgb-strip","D:\project\cf_to_csgo\work\m4a1_s_bornbeast\materials\cfg_decode\strip_previews\Grenade_Halloween.CFG.png","raw RGB strip, pixels=163, variableChannel=R, uniqueBytes=4, FF=66.5 %"
"Grenade_Valentine2016.CFG",504,"binary-strip-preview","raw-rgb-strip","D:\project\cf_to_csgo\work\m4a1_s_bornbeast\materials\cfg_decode\strip_previews\Grenade_Valentine2016.CFG.png","raw RGB strip, pixels=168, variableChannel=B, uniqueBytes=6, FF=66.7 %"
"Grenade_Xmas.CFG",474,"binary-strip-preview","raw-rgb-strip","D:\project\cf_to_csgo\work\m4a1_s_bornbeast\materials\cfg_decode\strip_previews\Grenade_Xmas.CFG.png","raw RGB strip, pixels=158, variableChannel=B, uniqueBytes=14, FF=66.7 %"
"Grenade_YellowCrystal.CFG",467,"binary-strip-preview","raw-rgb-strip","D:\project\cf_to_csgo\work\m4a1_s_bornbeast\materials\cfg_decode\strip_previews\Grenade_YellowCrystal.CFG.png","raw RGB strip, pixels=156, variableChannel=B, uniqueBytes=8, FF=66.8 %"
"HEGrenade_phoenix.CFG",491,"binary-strip-preview","raw-rgb-strip","D:\project\cf_to_csgo\work\m4a1_s_bornbeast\materials\cfg_decode\strip_previews\HEGrenade_phoenix.CFG.png","raw RGB strip, pixels=164, variableChannel=R, uniqueBytes=15, FF=66.6 %"
"IAS_Gemini.CFG",476,"binary-strip-preview","raw-rgb-strip","D:\project\cf_to_csgo\work\m4a1_s_bornbeast\materials\cfg_decode\strip_previews\IAS_Gemini.CFG.png","raw RGB strip, pixels=159, variableChannel=G, uniqueBytes=11, FF=66.6 %"
"IAS_UltimateGold.CFG",495,"binary-strip-preview","raw-rgb-strip","D:\project\cf_to_csgo\work\m4a1_s_bornbeast\materials\cfg_decode\strip_previews\IAS_UltimateGold.CFG.png","raw RGB strip, pixels=165, variableChannel=B, uniqueBytes=4, FF=66.7 %"
"IronMace-G_GoldDesertSkull.CFG",514,"binary-strip-preview","raw-rgb-strip","D:\project\cf_to_csgo\work\m4a1_s_bornbeast\materials\cfg_decode\strip_previews\IronMace-G_GoldDesertSkull.CFG.png","raw RGB strip, pixels=172, variableChannel=B, uniqueBytes=7, FF=66.7 %"
"IronMaceG_Storm.CFG",493,"binary-strip-preview","raw-rgb-strip","D:\project\cf_to_csgo\work\m4a1_s_bornbeast\materials\cfg_decode\strip_previews\IronMaceG_Storm.CFG.png","raw RGB strip, pixels=165, variableChannel=G, uniqueBytes=14, FF=66.7 %"
"Ironmace_RustyGoldSkull.CFG",513,"binary-strip-preview","raw-rgb-strip","D:\project\cf_to_csgo\work\m4a1_s_bornbeast\materials\cfg_decode\strip_previews\Ironmace_RustyGoldSkull.CFG.png","raw RGB strip, pixels=171, variableChannel=R, uniqueBytes=8, FF=66.7 %"
"Jack Hammer-regold.CFG",409,"binary-strip-preview","raw-rgb-strip","D:\project\cf_to_csgo\work\m4a1_s_bornbeast\materials\cfg_decode\strip_previews\Jack Hammer-regold.CFG.png","raw RGB strip, pixels=137, variableChannel=R, uniqueBytes=8, FF=66.5 %"
"JackHammer_USS.CFG",480,"binary-strip-preview","raw-rgb-strip","D:\project\cf_to_csgo\work\m4a1_s_bornbeast\materials\cfg_decode\strip_previews\JackHammer_USS.CFG.png","raw RGB strip, pixels=160, variableChannel=B, uniqueBytes=19, FF=66.7 %"
"KACChainSAW_RoyalDragon4.CFG",509,"binary-strip-preview","raw-rgb-strip","D:\project\cf_to_csgo\work\m4a1_s_bornbeast\materials\cfg_decode\strip_previews\KACChainSAW_RoyalDragon4.CFG.png","raw RGB strip, pixels=170, variableChannel=B, uniqueBytes=6, FF=66.8 %"
"KACChainSAW_RustyGoldSkull.CFG",513,"binary-strip-preview","raw-rgb-strip","D:\project\cf_to_csgo\work\m4a1_s_bornbeast\materials\cfg_decode\strip_previews\KACChainSAW_RustyGoldSkull.CFG.png","raw RGB strip, pixels=171, variableChannel=R, uniqueBytes=13, FF=66.7 %"
"KACChainSAW_UltimateGoldsmith.CFG",530,"binary-strip-preview","raw-rgb-strip","D:\project\cf_to_csgo\work\m4a1_s_bornbeast\materials\cfg_decode\strip_previews\KACChainSAW_UltimateGoldsmith.CFG.png","raw RGB strip, pixels=177, variableChannel=R, uniqueBytes=13, FF=66.6 %"
"KnifeKnights_UltimateGold.CFG",520,"binary-strip-preview","raw-rgb-strip","D:\project\cf_to_csgo\work\m4a1_s_bornbeast\materials\cfg_decode\strip_previews\KnifeKnights_UltimateGold.CFG.png","raw RGB strip, pixels=174, variableChannel=G, uniqueBytes=8, FF=66.7 %"
"Knuckle2_InfernalDragon.CFG",512,"binary-strip-preview","raw-rgb-strip","D:\project\cf_to_csgo\work\m4a1_s_bornbeast\materials\cfg_decode\strip_previews\Knuckle2_InfernalDragon.CFG.png","raw RGB strip, pixels=171, variableChannel=R, uniqueBytes=8, FF=66.6 %"
"Knuckle_Magma.CFG",485,"binary-strip-preview","raw-rgb-strip","D:\project\cf_to_csgo\work\m4a1_s_bornbeast\materials\cfg_decode\strip_previews\Knuckle_Magma.CFG.png","raw RGB strip, pixels=162, variableChannel=G, uniqueBytes=24, FF=66.6 %"
"KrissSuperV_JHP.CFG",484,"binary-strip-preview","raw-rgb-strip","D:\project\cf_to_csgo\work\m4a1_s_bornbeast\materials\cfg_decode\strip_previews\KrissSuperV_JHP.CFG.png","raw RGB strip, pixels=162, variableChannel=B, uniqueBytes=7, FF=66.7 %"
"KrissSuperV_PlatinumBlue.CFG",516,"binary-strip-preview","raw-rgb-strip","D:\project\cf_to_csgo\work\m4a1_s_bornbeast\materials\cfg_decode\strip_previews\KrissSuperV_PlatinumBlue.CFG.png","raw RGB strip, pixels=172, variableChannel=G, uniqueBytes=14, FF=66.7 %"
"KrissSuperV_UltimateGold.CFG",517,"binary-strip-preview","raw-rgb-strip","D:\project\cf_to_csgo\work\m4a1_s_bornbeast\materials\cfg_decode\strip_previews\KrissSuperV_UltimateGold.CFG.png","raw RGB strip, pixels=173, variableChannel=G, uniqueBytes=11, FF=66.7 %"
"KrissSupverV_RedCrystal.CFG",446,"binary-strip-preview","raw-rgb-strip","D:\project\cf_to_csgo\work\m4a1_s_bornbeast\materials\cfg_decode\strip_previews\KrissSupverV_RedCrystal.CFG.png","raw RGB strip, pixels=149, variableChannel=R, uniqueBytes=11, FF=66.6 %"
"KSG15_Halloween.CFG",489,"binary-strip-preview","raw-rgb-strip","D:\project\cf_to_csgo\work\m4a1_s_bornbeast\materials\cfg_decode\strip_previews\KSG15_Halloween.CFG.png","raw RGB strip, pixels=163, variableChannel=G, uniqueBytes=7, FF=66.7 %"
"KTR-08.CFG",454,"binary-strip-preview","raw-rgb-strip","D:\project\cf_to_csgo\work\m4a1_s_bornbeast\materials\cfg_decode\strip_previews\KTR-08.CFG.png","raw RGB strip, pixels=152, variableChannel=G, uniqueBytes=19, FF=66.7 %"
"Kukri_Beast.CFG",481,"binary-strip-preview","raw-rgb-strip","D:\project\cf_to_csgo\work\m4a1_s_bornbeast\materials\cfg_decode\strip_previews\Kukri_Beast.CFG.png","raw RGB strip, pixels=161, variableChannel=R, uniqueBytes=14, FF=66.5 %"
"Kukri_Jade.CFG",470,"binary-strip-preview","raw-rgb-strip","D:\project\cf_to_csgo\work\m4a1_s_bornbeast\materials\cfg_decode\strip_previews\Kukri_Jade.CFG.png","raw RGB strip, pixels=157, variableChannel=B, uniqueBytes=8, FF=66.8 %"
"Kukri_Peony.CFG",475,"binary-strip-preview","raw-rgb-strip","D:\project\cf_to_csgo\work\m4a1_s_bornbeast\materials\cfg_decode\strip_previews\Kukri_Peony.CFG.png","raw RGB strip, pixels=159, variableChannel=R, uniqueBytes=15, FF=66.5 %"
"Kukri_RoyalDragon5.CFG",497,"binary-strip-preview","raw-rgb-strip","D:\project\cf_to_csgo\work\m4a1_s_bornbeast\materials\cfg_decode\strip_previews\Kukri_RoyalDragon5.CFG.png","raw RGB strip, pixels=166, variableChannel=B, uniqueBytes=13, FF=66.8 %"
"Kukri_UltimateGold.CFG",497,"binary-strip-preview","raw-rgb-strip","D:\project\cf_to_csgo\work\m4a1_s_bornbeast\materials\cfg_decode\strip_previews\Kukri_UltimateGold.CFG.png","raw RGB strip, pixels=166, variableChannel=R, uniqueBytes=8, FF=66.6 %"
"L86LSW_PerfectSilver.CFG",500,"binary-strip-preview","raw-rgb-strip","D:\project\cf_to_csgo\work\m4a1_s_bornbeast\materials\cfg_decode\strip_previews\L86LSW_PerfectSilver.CFG.png","raw RGB strip, pixels=167, variableChannel=G, uniqueBytes=15, FF=66.6 %"
"LaserDagger_Valentine2016.CFG",516,"binary-strip-preview","raw-rgb-strip","D:\project\cf_to_csgo\work\m4a1_s_bornbeast\materials\cfg_decode\strip_previews\LaserDagger_Valentine2016.CFG.png","raw RGB strip, pixels=172, variableChannel=B, uniqueBytes=24, FF=66.7 %"
"M1216_blueskull.CFG",481,"binary-strip-preview","raw-rgb-strip","D:\project\cf_to_csgo\work\m4a1_s_bornbeast\materials\cfg_decode\strip_previews\M1216_blueskull.CFG.png","raw RGB strip, pixels=161, variableChannel=B, uniqueBytes=9, FF=66.7 %"
"M1216_GoldSkull.CFG",491,"binary-strip-preview","raw-rgb-strip","D:\project\cf_to_csgo\work\m4a1_s_bornbeast\materials\cfg_decode\strip_previews\M1216_GoldSkull.CFG.png","raw RGB strip, pixels=164, variableChannel=G, uniqueBytes=16, FF=66.6 %"
"M1216_OrangeSkull.CFG",491,"binary-strip-preview","raw-rgb-strip","D:\project\cf_to_csgo\work\m4a1_s_bornbeast\materials\cfg_decode\strip_previews\M1216_OrangeSkull.CFG.png","raw RGB strip, pixels=164, variableChannel=B, uniqueBytes=14, FF=66.8 %"
"M1216_PerfectSilver.CFG",499,"binary-strip-preview","raw-rgb-strip","D:\project\cf_to_csgo\work\m4a1_s_bornbeast\materials\cfg_decode\strip_previews\M1216_PerfectSilver.CFG.png","raw RGB strip, pixels=167, variableChannel=R, uniqueBytes=8, FF=66.5 %"
"M14EBR-Ultimate Gold.CFG",496,"binary-strip-preview","raw-rgb-strip","D:\project\cf_to_csgo\work\m4a1_s_bornbeast\materials\cfg_decode\strip_previews\M14EBR-Ultimate Gold.CFG.png","raw RGB strip, pixels=166, variableChannel=B, uniqueBytes=7, FF=66.7 %"
"M14EBR_RedCrystal.CFG",442,"binary-strip-preview","raw-rgb-strip","D:\project\cf_to_csgo\work\m4a1_s_bornbeast\materials\cfg_decode\strip_previews\M14EBR_RedCrystal.CFG.png","raw RGB strip, pixels=148, variableChannel=G, uniqueBytes=22, FF=66.7 %"
"M14EBR_Silencer_RoyalDragon5.CFG",520,"binary-strip-preview","raw-rgb-strip","D:\project\cf_to_csgo\work\m4a1_s_bornbeast\materials\cfg_decode\strip_previews\M14EBR_Silencer_RoyalDragon5.CFG.png","raw RGB strip, pixels=174, variableChannel=R, uniqueBytes=13, FF=66.5 %"
"M14EBR_Taurus.CFG",634,"binary-strip-preview","raw-rgb-strip","D:\project\cf_to_csgo\work\m4a1_s_bornbeast\materials\cfg_decode\strip_previews\M14EBR_Taurus.CFG.png","raw RGB strip, pixels=212, variableChannel=B, uniqueBytes=15, FF=66.7 %"
"M14EBR_Taurus_Doll.CFG",661,"binary-strip-preview","raw-rgb-strip","D:\project\cf_to_csgo\work\m4a1_s_bornbeast\materials\cfg_decode\strip_previews\M14EBR_Taurus_Doll.CFG.png","raw RGB strip, pixels=221, variableChannel=G, uniqueBytes=13, FF=66.7 %"
"M1896_Libra.CFG",475,"binary-strip-preview","raw-rgb-strip","D:\project\cf_to_csgo\work\m4a1_s_bornbeast\materials\cfg_decode\strip_previews\M1896_Libra.CFG.png","raw RGB strip, pixels=159, variableChannel=R, uniqueBytes=7, FF=66.5 %"
"M1896_UltimateGoldsmith.CFG",512,"binary-strip-preview","raw-rgb-strip","D:\project\cf_to_csgo\work\m4a1_s_bornbeast\materials\cfg_decode\strip_previews\M1896_UltimateGoldsmith.CFG.png","raw RGB strip, pixels=171, variableChannel=B, uniqueBytes=13, FF=66.8 %"
"M1896_USS.CFG",467,"binary-strip-preview","raw-rgb-strip","D:\project\cf_to_csgo\work\m4a1_s_bornbeast\materials\cfg_decode\strip_previews\M1896_USS.CFG.png","raw RGB strip, pixels=156, variableChannel=R, uniqueBytes=22, FF=66.6 %"
"M1A1.CFG",366,"binary-strip-preview","raw-rgb-strip","D:\project\cf_to_csgo\work\m4a1_s_bornbeast\materials\cfg_decode\strip_previews\M1A1.CFG.png","raw RGB strip, pixels=122, variableChannel=G, uniqueBytes=13, FF=66.7 %"
"M200CheyTac_Halloween2015.CFG",705,"binary-strip-preview","raw-rgb-strip","D:\project\cf_to_csgo\work\m4a1_s_bornbeast\materials\cfg_decode\strip_previews\M200CheyTac_Halloween2015.CFG.png","raw RGB strip, pixels=235, variableChannel=G, uniqueBytes=18, FF=66.7 %"
"M200CheyTac_UltimateGold.CFG",699,"binary-strip-preview","raw-rgb-strip","D:\project\cf_to_csgo\work\m4a1_s_bornbeast\materials\cfg_decode\strip_previews\M200CheyTac_UltimateGold.CFG.png","raw RGB strip, pixels=233, variableChannel=G, uniqueBytes=14, FF=66.7 %"
"M240B_Tesla.CFG",476,"binary-strip-preview","raw-rgb-strip","D:\project\cf_to_csgo\work\m4a1_s_bornbeast\materials\cfg_decode\strip_previews\M240B_Tesla.CFG.png","raw RGB strip, pixels=159, variableChannel=G, uniqueBytes=6, FF=66.6 %"
"M240B_Tesla_AI.CFG",482,"binary-strip-preview","raw-rgb-strip","D:\project\cf_to_csgo\work\m4a1_s_bornbeast\materials\cfg_decode\strip_previews\M240B_Tesla_AI.CFG.png","raw RGB strip, pixels=161, variableChannel=B, uniqueBytes=13, FF=66.8 %"
"M37 Stakeout-Hellfire.CFG",484,"binary-strip-preview","raw-rgb-strip","D:\project\cf_to_csgo\work\m4a1_s_bornbeast\materials\cfg_decode\strip_previews\M37 Stakeout-Hellfire.CFG.png","raw RGB strip, pixels=162, variableChannel=R, uniqueBytes=21, FF=66.5 %"
"M37Stakeout_Slug.CFG",492,"binary-strip-preview","raw-rgb-strip","D:\project\cf_to_csgo\work\m4a1_s_bornbeast\materials\cfg_decode\strip_previews\M37Stakeout_Slug.CFG.png","raw RGB strip, pixels=164, variableChannel=B, uniqueBytes=13, FF=66.7 %"
"M37Stakeout_Slug_Ghetto.CFG",511,"binary-strip-preview","raw-rgb-strip","D:\project\cf_to_csgo\work\m4a1_s_bornbeast\materials\cfg_decode\strip_previews\M37Stakeout_Slug_Ghetto.CFG.png","raw RGB strip, pixels=171, variableChannel=B, uniqueBytes=12, FF=66.7 %"
"M4A1-Blue Crystal.CFG",431,"binary-strip-preview","raw-rgb-strip","D:\project\cf_to_csgo\work\m4a1_s_bornbeast\materials\cfg_decode\strip_previews\M4A1-Blue Crystal.CFG.png","raw RGB strip, pixels=144, variableChannel=G, uniqueBytes=13, FF=66.6 %"
"M4A1-S-Lily.CFG",482,"binary-strip-preview","raw-rgb-strip","D:\project\cf_to_csgo\work\m4a1_s_bornbeast\materials\cfg_decode\strip_previews\M4A1-S-Lily.CFG.png","raw RGB strip, pixels=161, variableChannel=B, uniqueBytes=7, FF=66.8 %"
"M4A1-S_UltimateSilver.CFG",546,"binary-strip-preview","raw-rgb-strip","D:\project\cf_to_csgo\work\m4a1_s_bornbeast\materials\cfg_decode\strip_previews\M4A1-S_UltimateSilver.CFG.png","raw RGB strip, pixels=182, variableChannel=R, uniqueBytes=11, FF=66.7 %"
"M4A1_Custom_RedCrystal.CFG",625,"binary-strip-preview","raw-rgb-strip","D:\project\cf_to_csgo\work\m4a1_s_bornbeast\materials\cfg_decode\strip_previews\M4A1_Custom_RedCrystal.CFG.png","raw RGB strip, pixels=209, variableChannel=R, uniqueBytes=22, FF=66.6 %"
"M4A1_Custom_violetCrystal.CFG",631,"binary-strip-preview","raw-rgb-strip","D:\project\cf_to_csgo\work\m4a1_s_bornbeast\materials\cfg_decode\strip_previews\M4A1_Custom_violetCrystal.CFG.png","raw RGB strip, pixels=211, variableChannel=B, uniqueBytes=15, FF=66.7 %"
"M4A1_C_UltimateGold.CFG",500,"binary-strip-preview","raw-rgb-strip","D:\project\cf_to_csgo\work\m4a1_s_bornbeast\materials\cfg_decode\strip_previews\M4A1_C_UltimateGold.CFG.png","raw RGB strip, pixels=167, variableChannel=G, uniqueBytes=19, FF=66.6 %"
"M4A1_Phoenix.CFG",471,"binary-strip-preview","raw-rgb-strip","D:\project\cf_to_csgo\work\m4a1_s_bornbeast\materials\cfg_decode\strip_previews\M4A1_Phoenix.CFG.png","raw RGB strip, pixels=157, variableChannel=B, uniqueBytes=11, FF=66.7 %"
"M4A1_Silencer_DMZ.CFG",493,"binary-strip-preview","raw-rgb-strip","D:\project\cf_to_csgo\work\m4a1_s_bornbeast\materials\cfg_decode\strip_previews\M4A1_Silencer_DMZ.CFG.png","raw RGB strip, pixels=165, variableChannel=B, uniqueBytes=6, FF=66.7 %"
"M4A1_Silencer_Peony.CFG",494,"binary-strip-preview","raw-rgb-strip","D:\project\cf_to_csgo\work\m4a1_s_bornbeast\materials\cfg_decode\strip_previews\M4A1_Silencer_Peony.CFG.png","raw RGB strip, pixels=165, variableChannel=G, uniqueBytes=11, FF=66.6 %"
"M4A1_Silencer_PlatinumBlue.CFG",524,"binary-strip-preview","raw-rgb-strip","D:\project\cf_to_csgo\work\m4a1_s_bornbeast\materials\cfg_decode\strip_previews\M4A1_Silencer_PlatinumBlue.CFG.png","raw RGB strip, pixels=175, variableChannel=B, uniqueBytes=19, FF=66.8 %"
"M4A1_Silencer_Predator.CFG",704,"binary-strip-preview","raw-rgb-strip","D:\project\cf_to_csgo\work\m4a1_s_bornbeast\materials\cfg_decode\strip_previews\M4A1_Silencer_Predator.CFG.png","raw RGB strip, pixels=235, variableChannel=R, uniqueBytes=16, FF=66.6 %"
"M4A1_Silencer_TurtleShell.CFG",515,"binary-strip-preview","raw-rgb-strip","D:\project\cf_to_csgo\work\m4a1_s_bornbeast\materials\cfg_decode\strip_previews\M4A1_Silencer_TurtleShell.CFG.png","raw RGB strip, pixels=172, variableChannel=G, uniqueBytes=23, FF=66.6 %"
"M4A1_S_Beast.CFG",468,"binary-strip-preview","raw-rgb-strip","D:\project\cf_to_csgo\work\m4a1_s_bornbeast\materials\cfg_decode\strip_previews\M4A1_S_Beast.CFG.png","raw RGB strip, pixels=156, variableChannel=B, uniqueBytes=6, FF=66.7 %"
"M4A1_S_BlueDiamond.CFG",498,"binary-strip-preview","raw-rgb-strip","D:\project\cf_to_csgo\work\m4a1_s_bornbeast\materials\cfg_decode\strip_previews\M4A1_S_BlueDiamond.CFG.png","raw RGB strip, pixels=166, variableChannel=B, uniqueBytes=7, FF=66.7 %"
"M4A1_S_BornBeast.CFG",492,"binary-strip-preview","raw-rgb-strip","D:\project\cf_to_csgo\work\m4a1_s_bornbeast\materials\cfg_decode\strip_previews\M4A1_S_BornBeast.CFG.png","raw RGB strip, pixels=164, variableChannel=B, uniqueBytes=20, FF=66.7 %"
"M4A1_S_IronBeast-NobleGold.CFG",516,"binary-strip-preview","raw-rgb-strip","D:\project\cf_to_csgo\work\m4a1_s_bornbeast\materials\cfg_decode\strip_previews\M4A1_S_IronBeast-NobleGold.CFG.png","raw RGB strip, pixels=172, variableChannel=B, uniqueBytes=6, FF=66.7 %"
"M4A1_S_Jewelry.CFG",642,"binary-strip-preview","raw-rgb-strip","D:\project\cf_to_csgo\work\m4a1_s_bornbeast\materials\cfg_decode\strip_previews\M4A1_S_Jewelry.CFG.png","raw RGB strip, pixels=214, variableChannel=B, uniqueBytes=17, FF=66.7 %"
"M4A1_S_PinkCrystal.CFG",556,"binary-strip-preview","raw-rgb-strip","D:\project\cf_to_csgo\work\m4a1_s_bornbeast\materials\cfg_decode\strip_previews\M4A1_S_PinkCrystal.CFG.png","raw RGB strip, pixels=186, variableChannel=B, uniqueBytes=22, FF=66.7 %"
"M4A1_S_SAKURA2.CFG",483,"binary-strip-preview","raw-rgb-strip","D:\project\cf_to_csgo\work\m4a1_s_bornbeast\materials\cfg_decode\strip_previews\M4A1_S_SAKURA2.CFG.png","raw RGB strip, pixels=161, variableChannel=G, uniqueBytes=8, FF=66.7 %"
"M4A1_S_SonWukong.CFG",489,"binary-strip-preview","raw-rgb-strip","D:\project\cf_to_csgo\work\m4a1_s_bornbeast\materials\cfg_decode\strip_previews\M4A1_S_SonWukong.CFG.png","raw RGB strip, pixels=163, variableChannel=G, uniqueBytes=7, FF=66.7 %"
"M4A1_S_Transformers.CFG",506,"binary-strip-preview","raw-rgb-strip","D:\project\cf_to_csgo\work\m4a1_s_bornbeast\materials\cfg_decode\strip_previews\M4A1_S_Transformers.CFG.png","raw RGB strip, pixels=169, variableChannel=G, uniqueBytes=19, FF=66.6 %"
"M4A1_S_UltimateGold.CFG",504,"binary-strip-preview","raw-rgb-strip","D:\project\cf_to_csgo\work\m4a1_s_bornbeast\materials\cfg_decode\strip_previews\M4A1_S_UltimateGold.CFG.png","raw RGB strip, pixels=168, variableChannel=B, uniqueBytes=5, FF=66.7 %"
"M4A1_XS_Jade.CFG",475,"binary-strip-preview","raw-rgb-strip","D:\project\cf_to_csgo\work\m4a1_s_bornbeast\materials\cfg_decode\strip_previews\M4A1_XS_Jade.CFG.png","raw RGB strip, pixels=159, variableChannel=B, uniqueBytes=17, FF=66.7 %"
"M4A1_XS_RoyalDragon2.CFG",499,"binary-strip-preview","raw-rgb-strip","D:\project\cf_to_csgo\work\m4a1_s_bornbeast\materials\cfg_decode\strip_previews\M4A1_XS_RoyalDragon2.CFG.png","raw RGB strip, pixels=167, variableChannel=G, uniqueBytes=24, FF=66.7 %"
"M4A1_XS_RoyalDragon4.CFG",501,"binary-strip-preview","raw-rgb-strip","D:\project\cf_to_csgo\work\m4a1_s_bornbeast\materials\cfg_decode\strip_previews\M4A1_XS_RoyalDragon4.CFG.png","raw RGB strip, pixels=167, variableChannel=R, uniqueBytes=7, FF=66.7 %"
"M60_RedSilversmith.CFG",496,"binary-strip-preview","raw-rgb-strip","D:\project\cf_to_csgo\work\m4a1_s_bornbeast\materials\cfg_decode\strip_previews\M60_RedSilversmith.CFG.png","raw RGB strip, pixels=166, variableChannel=R, uniqueBytes=10, FF=66.5 %"
"M82A1-IronShark.CFG",645,"binary-strip-preview","raw-rgb-strip","D:\project\cf_to_csgo\work\m4a1_s_bornbeast\materials\cfg_decode\strip_previews\M82A1-IronShark.CFG.png","raw RGB strip, pixels=215, variableChannel=B, uniqueBytes=20, FF=66.7 %"
"M82A1_BornBeast_NobleGold.CFG",702,"binary-strip-preview","raw-rgb-strip","D:\project\cf_to_csgo\work\m4a1_s_bornbeast\materials\cfg_decode\strip_previews\M82A1_BornBeast_NobleGold.CFG.png","raw RGB strip, pixels=234, variableChannel=B, uniqueBytes=13, FF=66.7 %"
"M82a1_Peony.CFG",618,"binary-strip-preview","raw-rgb-strip","D:\project\cf_to_csgo\work\m4a1_s_bornbeast\materials\cfg_decode\strip_previews\M82a1_Peony.CFG.png","raw RGB strip, pixels=206, variableChannel=B, uniqueBytes=25, FF=66.7 %"
"M82A1_RoyalDragon3.CFG",667,"binary-strip-preview","raw-rgb-strip","D:\project\cf_to_csgo\work\m4a1_s_bornbeast\materials\cfg_decode\strip_previews\M82A1_RoyalDragon3.CFG.png","raw RGB strip, pixels=223, variableChannel=B, uniqueBytes=13, FF=66.7 %"
"M82A1_RoyalDragon4.CFG",659,"binary-strip-preview","raw-rgb-strip","D:\project\cf_to_csgo\work\m4a1_s_bornbeast\materials\cfg_decode\strip_previews\M82A1_RoyalDragon4.CFG.png","raw RGB strip, pixels=220, variableChannel=G, uniqueBytes=14, FF=66.6 %"
"M82A1_RoyalDragon5.CFG",668,"binary-strip-preview","raw-rgb-strip","D:\project\cf_to_csgo\work\m4a1_s_bornbeast\materials\cfg_decode\strip_previews\M82A1_RoyalDragon5.CFG.png","raw RGB strip, pixels=223, variableChannel=B, uniqueBytes=18, FF=66.8 %"
"M82A1_S_BornBeast.CFG",663,"binary-strip-preview","raw-rgb-strip","D:\project\cf_to_csgo\work\m4a1_s_bornbeast\materials\cfg_decode\strip_previews\M82A1_S_BornBeast.CFG.png","raw RGB strip, pixels=221, variableChannel=R, uniqueBytes=18, FF=66.7 %"
"M82A1_UltimateGoldsmith.CFG",694,"binary-strip-preview","raw-rgb-strip","D:\project\cf_to_csgo\work\m4a1_s_bornbeast\materials\cfg_decode\strip_previews\M82A1_UltimateGoldsmith.CFG.png","raw RGB strip, pixels=232, variableChannel=R, uniqueBytes=23, FF=66.6 %"
"Machete_UltimateGoldsmith.CFG",511,"binary-strip-preview","raw-rgb-strip","D:\project\cf_to_csgo\work\m4a1_s_bornbeast\materials\cfg_decode\strip_previews\Machete_UltimateGoldsmith.CFG.png","raw RGB strip, pixels=171, variableChannel=B, uniqueBytes=16, FF=66.7 %"
"MG3_OrangeSkull.CFG",486,"binary-strip-preview","raw-rgb-strip","D:\project\cf_to_csgo\work\m4a1_s_bornbeast\materials\cfg_decode\strip_previews\MG3_OrangeSkull.CFG.png","raw RGB strip, pixels=162, variableChannel=G, uniqueBytes=15, FF=66.7 %"
"MG3_RoyalDragon2.CFG",493,"binary-strip-preview","raw-rgb-strip","D:\project\cf_to_csgo\work\m4a1_s_bornbeast\materials\cfg_decode\strip_previews\MG3_RoyalDragon2.CFG.png","raw RGB strip, pixels=165, variableChannel=G, uniqueBytes=19, FF=66.7 %"
"MG3_UltimateGold.CFG",490,"binary-strip-preview","raw-rgb-strip","D:\project\cf_to_csgo\work\m4a1_s_bornbeast\materials\cfg_decode\strip_previews\MG3_UltimateGold.CFG.png","raw RGB strip, pixels=164, variableChannel=R, uniqueBytes=5, FF=66.5 %"
"MK18MOD0_Cyber.CFG",483,"binary-strip-preview","raw-rgb-strip","D:\project\cf_to_csgo\work\m4a1_s_bornbeast\materials\cfg_decode\strip_previews\MK18MOD0_Cyber.CFG.png","raw RGB strip, pixels=161, variableChannel=B, uniqueBytes=19, FF=66.7 %"
"MK2Grenade_PlatinumBlue.CFG",513,"binary-strip-preview","raw-rgb-strip","D:\project\cf_to_csgo\work\m4a1_s_bornbeast\materials\cfg_decode\strip_previews\MK2Grenade_PlatinumBlue.CFG.png","raw RGB strip, pixels=171, variableChannel=B, uniqueBytes=24, FF=66.7 %"
"MK2Grenade_UltimateGold.CFG",510,"binary-strip-preview","raw-rgb-strip","D:\project\cf_to_csgo\work\m4a1_s_bornbeast\materials\cfg_decode\strip_previews\MK2Grenade_UltimateGold.CFG.png","raw RGB strip, pixels=170, variableChannel=B, uniqueBytes=8, FF=66.7 %"
"MK2Grenade_UltimateSilver.CFG",512,"binary-strip-preview","raw-rgb-strip","D:\project\cf_to_csgo\work\m4a1_s_bornbeast\materials\cfg_decode\strip_previews\MK2Grenade_UltimateSilver.CFG.png","raw RGB strip, pixels=171, variableChannel=B, uniqueBytes=20, FF=66.8 %"
"MP5_Silencer_JHP.CFG",494,"binary-strip-preview","raw-rgb-strip","D:\project\cf_to_csgo\work\m4a1_s_bornbeast\materials\cfg_decode\strip_previews\MP5_Silencer_JHP.CFG.png","raw RGB strip, pixels=165, variableChannel=R, uniqueBytes=18, FF=66.6 %"
"MTAR-21_GoldDesertSkull.CFG",502,"binary-strip-preview","raw-rgb-strip","D:\project\cf_to_csgo\work\m4a1_s_bornbeast\materials\cfg_decode\strip_previews\MTAR-21_GoldDesertSkull.CFG.png","raw RGB strip, pixels=168, variableChannel=G, uniqueBytes=5, FF=66.7 %"
"PoliceBaton_UltimateGold.CFG",514,"binary-strip-preview","raw-rgb-strip","D:\project\cf_to_csgo\work\m4a1_s_bornbeast\materials\cfg_decode\strip_previews\PoliceBaton_UltimateGold.CFG.png","raw RGB strip, pixels=172, variableChannel=R, uniqueBytes=21, FF=66.5 %"
"PoliceBaton_UltimateGold_FuryGhostWepon.CFG",506,"binary-strip-preview","raw-rgb-strip","D:\project\cf_to_csgo\work\m4a1_s_bornbeast\materials\cfg_decode\strip_previews\PoliceBaton_UltimateGold_FuryGhostWepon.CFG.png","raw RGB strip, pixels=169, variableChannel=B, uniqueBytes=24, FF=66.8 %"
"PowerBat_Halloween2015.CFG",510,"binary-strip-preview","raw-rgb-strip","D:\project\cf_to_csgo\work\m4a1_s_bornbeast\materials\cfg_decode\strip_previews\PowerBat_Halloween2015.CFG.png","raw RGB strip, pixels=170, variableChannel=R, uniqueBytes=9, FF=66.7 %"
"PV-M4A1_Silencer_PrismBeast_CC.CFG",643,"binary-strip-preview","raw-rgb-strip","D:\project\cf_to_csgo\work\m4a1_s_bornbeast\materials\cfg_decode\strip_previews\PV-M4A1_Silencer_PrismBeast_CC.CFG.png","raw RGB strip, pixels=215, variableChannel=R, uniqueBytes=20, FF=66.6 %"
"PV-M4A1_Silencer_PrismBeast_Metal.CFG",643,"binary-strip-preview","raw-rgb-strip","D:\project\cf_to_csgo\work\m4a1_s_bornbeast\materials\cfg_decode\strip_previews\PV-M4A1_Silencer_PrismBeast_Metal.CFG.png","raw RGB strip, pixels=215, variableChannel=B, uniqueBytes=18, FF=66.7 %"
"QBZ95_A_UltimateGold.CFG",499,"binary-strip-preview","raw-rgb-strip","D:\project\cf_to_csgo\work\m4a1_s_bornbeast\materials\cfg_decode\strip_previews\QBZ95_A_UltimateGold.CFG.png","raw RGB strip, pixels=167, variableChannel=G, uniqueBytes=15, FF=66.7 %"
"QV-M4A1_Silencer_PrismBeast_CC.CFG",652,"binary-strip-preview","raw-rgb-strip","D:\project\cf_to_csgo\work\m4a1_s_bornbeast\materials\cfg_decode\strip_previews\QV-M4A1_Silencer_PrismBeast_CC.CFG.png","raw RGB strip, pixels=218, variableChannel=R, uniqueBytes=31, FF=66.6 %"
"QV-M4A1_Silencer_PrismBeast_Metal.CFG",652,"binary-strip-preview","raw-rgb-strip","D:\project\cf_to_csgo\work\m4a1_s_bornbeast\materials\cfg_decode\strip_previews\QV-M4A1_Silencer_PrismBeast_Metal.CFG.png","raw RGB strip, pixels=218, variableChannel=B, uniqueBytes=14, FF=66.7 %"
"RagingBull_Halloween2015.CFG",513,"binary-strip-preview","raw-rgb-strip","D:\project\cf_to_csgo\work\m4a1_s_bornbeast\materials\cfg_decode\strip_previews\RagingBull_Halloween2015.CFG.png","raw RGB strip, pixels=171, variableChannel=G, uniqueBytes=20, FF=66.7 %"
"RPK-Dragon.CFG",472,"binary-strip-preview","raw-rgb-strip","D:\project\cf_to_csgo\work\m4a1_s_bornbeast\materials\cfg_decode\strip_previews\RPK-Dragon.CFG.png","raw RGB strip, pixels=158, variableChannel=G, uniqueBytes=18, FF=66.7 %"
"ScarLight_UltimateGoldsmith.CFG",528,"binary-strip-preview","raw-rgb-strip","D:\project\cf_to_csgo\work\m4a1_s_bornbeast\materials\cfg_decode\strip_previews\ScarLight_UltimateGoldsmith.CFG.png","raw RGB strip, pixels=176, variableChannel=R, uniqueBytes=7, FF=66.7 %"
"ScarLight_UltimateSilversmith.CFG",525,"binary-strip-preview","raw-rgb-strip","D:\project\cf_to_csgo\work\m4a1_s_bornbeast\materials\cfg_decode\strip_previews\ScarLight_UltimateSilversmith.CFG.png","raw RGB strip, pixels=175, variableChannel=R, uniqueBytes=24, FF=66.7 %"
"ScarLight_URSS.CFG",479,"binary-strip-preview","raw-rgb-strip","D:\project\cf_to_csgo\work\m4a1_s_bornbeast\materials\cfg_decode\strip_previews\ScarLight_URSS.CFG.png","raw RGB strip, pixels=160, variableChannel=R, uniqueBytes=23, FF=66.6 %"
"Shovel_BlueDiamond.CFG",490,"binary-strip-preview","raw-rgb-strip","D:\project\cf_to_csgo\work\m4a1_s_bornbeast\materials\cfg_decode\strip_previews\Shovel_BlueDiamond.CFG.png","raw RGB strip, pixels=164, variableChannel=G, uniqueBytes=10, FF=66.7 %"
"Shovel_BornBeast.CFG",492,"binary-strip-preview","raw-rgb-strip","D:\project\cf_to_csgo\work\m4a1_s_bornbeast\materials\cfg_decode\strip_previews\Shovel_BornBeast.CFG.png","raw RGB strip, pixels=164, variableChannel=R, uniqueBytes=20, FF=66.7 %"
"Shovel_UltimateGold.CFG",499,"binary-strip-preview","raw-rgb-strip","D:\project\cf_to_csgo\work\m4a1_s_bornbeast\materials\cfg_decode\strip_previews\Shovel_UltimateGold.CFG.png","raw RGB strip, pixels=167, variableChannel=R, uniqueBytes=22, FF=66.5 %"
"Shovel_UltimateGold_FuryGhostWepon.CFG",712,"binary-strip-preview","raw-rgb-strip","D:\project\cf_to_csgo\work\m4a1_s_bornbeast\materials\cfg_decode\strip_previews\Shovel_UltimateGold_FuryGhostWepon.CFG.png","raw RGB strip, pixels=238, variableChannel=B, uniqueBytes=9, FF=66.7 %"
"SMOKE_UltimateSilver.CFG",497,"binary-strip-preview","raw-rgb-strip","D:\project\cf_to_csgo\work\m4a1_s_bornbeast\materials\cfg_decode\strip_previews\SMOKE_UltimateSilver.CFG.png","raw RGB strip, pixels=166, variableChannel=G, uniqueBytes=27, FF=66.6 %"
"SOHG_Ghetto.CFG",473,"binary-strip-preview","raw-rgb-strip","D:\project\cf_to_csgo\work\m4a1_s_bornbeast\materials\cfg_decode\strip_previews\SOHG_Ghetto.CFG.png","raw RGB strip, pixels=158, variableChannel=B, uniqueBytes=18, FF=66.8 %"
"SPAS12_Slug.CFG",476,"binary-strip-preview","raw-rgb-strip","D:\project\cf_to_csgo\work\m4a1_s_bornbeast\materials\cfg_decode\strip_previews\SPAS12_Slug.CFG.png","raw RGB strip, pixels=159, variableChannel=R, uniqueBytes=11, FF=66.6 %"
"SPAS12_Slug_Ghetto.CFG",491,"binary-strip-preview","raw-rgb-strip","D:\project\cf_to_csgo\work\m4a1_s_bornbeast\materials\cfg_decode\strip_previews\SPAS12_Slug_Ghetto.CFG.png","raw RGB strip, pixels=164, variableChannel=G, uniqueBytes=22, FF=66.6 %"
"SR25_Silencer_BackupSight.CFG",709,"binary-strip-preview","raw-rgb-strip","D:\project\cf_to_csgo\work\m4a1_s_bornbeast\materials\cfg_decode\strip_previews\SR25_Silencer_BackupSight.CFG.png","raw RGB strip, pixels=237, variableChannel=B, uniqueBytes=19, FF=66.7 %"
"sterling.CFG",380,"binary-strip-preview","raw-rgb-strip","D:\project\cf_to_csgo\work\m4a1_s_bornbeast\materials\cfg_decode\strip_previews\sterling.CFG.png","raw RGB strip, pixels=127, variableChannel=G, uniqueBytes=7, FF=66.6 %"
"Sterling_Magma.CFG",488,"binary-strip-preview","raw-rgb-strip","D:\project\cf_to_csgo\work\m4a1_s_bornbeast\materials\cfg_decode\strip_previews\Sterling_Magma.CFG.png","raw RGB strip, pixels=163, variableChannel=B, uniqueBytes=27, FF=66.8 %"
"Sterling_ST.CFG",479,"binary-strip-preview","raw-rgb-strip","D:\project\cf_to_csgo\work\m4a1_s_bornbeast\materials\cfg_decode\strip_previews\Sterling_ST.CFG.png","raw RGB strip, pixels=160, variableChannel=R, uniqueBytes=24, FF=66.6 %"
"SteyrTMP_ChangeDual_Ghetto.CFG",515,"binary-strip-preview","raw-rgb-strip","D:\project\cf_to_csgo\work\m4a1_s_bornbeast\materials\cfg_decode\strip_previews\SteyrTMP_ChangeDual_Ghetto.CFG.png","raw RGB strip, pixels=172, variableChannel=G, uniqueBytes=12, FF=66.6 %"
"SteyrTMP_Valentine2016.CFG",507,"binary-strip-preview","raw-rgb-strip","D:\project\cf_to_csgo\work\m4a1_s_bornbeast\materials\cfg_decode\strip_previews\SteyrTMP_Valentine2016.CFG.png","raw RGB strip, pixels=169, variableChannel=B, uniqueBytes=21, FF=66.7 %"
"SW_M66_RoyalDragon2.CFG",501,"binary-strip-preview","raw-rgb-strip","D:\project\cf_to_csgo\work\m4a1_s_bornbeast\materials\cfg_decode\strip_previews\SW_M66_RoyalDragon2.CFG.png","raw RGB strip, pixels=167, variableChannel=B, uniqueBytes=18, FF=66.7 %"
"Thompson_InfernalDragon.CFG",513,"binary-strip-preview","raw-rgb-strip","D:\project\cf_to_csgo\work\m4a1_s_bornbeast\materials\cfg_decode\strip_previews\Thompson_InfernalDragon.CFG.png","raw RGB strip, pixels=171, variableChannel=B, uniqueBytes=9, FF=66.7 %"
"Thompson_Rusty.CFG",485,"binary-strip-preview","raw-rgb-strip","D:\project\cf_to_csgo\work\m4a1_s_bornbeast\materials\cfg_decode\strip_previews\Thompson_Rusty.CFG.png","raw RGB strip, pixels=162, variableChannel=B, uniqueBytes=22, FF=66.8 %"
"Thomson_Xmas.CFG",480,"binary-strip-preview","raw-rgb-strip","D:\project\cf_to_csgo\work\m4a1_s_bornbeast\materials\cfg_decode\strip_previews\Thomson_Xmas.CFG.png","raw RGB strip, pixels=160, variableChannel=R, uniqueBytes=25, FF=66.7 %"
"TRG21_Aries.CFG",477,"binary-strip-preview","raw-rgb-strip","D:\project\cf_to_csgo\work\m4a1_s_bornbeast\materials\cfg_decode\strip_previews\TRG21_Aries.CFG.png","raw RGB strip, pixels=159, variableChannel=R, uniqueBytes=15, FF=66.7 %"
"WideGrenade_Ares.CFG",491,"binary-strip-preview","raw-rgb-strip","D:\project\cf_to_csgo\work\m4a1_s_bornbeast\materials\cfg_decode\strip_previews\WideGrenade_Ares.CFG.png","raw RGB strip, pixels=164, variableChannel=R, uniqueBytes=18, FF=66.6 %"
"XM8_Xmas.CFG",463,"binary-strip-preview","raw-rgb-strip","D:\project\cf_to_csgo\work\m4a1_s_bornbeast\materials\cfg_decode\strip_previews\XM8_Xmas.CFG.png","raw RGB strip, pixels=155, variableChannel=G, uniqueBytes=18, FF=66.7 %"
"XuanYuanSword.CFG",477,"binary-strip-preview","raw-rgb-strip","D:\project\cf_to_csgo\work\m4a1_s_bornbeast\materials\cfg_decode\strip_previews\XuanYuanSword.CFG.png","raw RGB strip, pixels=159, variableChannel=R, uniqueBytes=11, FF=66.7 %"
